date_changement,fuel_type,ancien_prix_tnd,nouveau_prix_tnd
2024-01-01,GASOIL,1.825,1.825
2024-01-01,GASOIL SANS SOUFRE,1.945,1.945
2024-01-01,GASOIL SS PREMIUM,2.12,2.12
2024-01-01,SUPER SP,2.045,2.045
2024-01-01,SSP PREMIUM,2.255,2.255
2024-01-01,GPL CARBURANT,0.855,0.855
2024-07-01,GASOIL,1.825,1.905
2024-07-01,GASOIL SANS SOUFRE,1.945,2.025
2024-07-01,GASOIL SS PREMIUM,2.12,2.2
2024-07-01,SUPER SP,2.045,2.135
2024-07-01,SSP PREMIUM,2.255,2.355
2024-07-01,GPL CARBURANT,0.855,0.895
2025-01-01,GASOIL,1.905,1.975
2025-01-01,GASOIL SANS SOUFRE,2.025,2.095
2025-01-01,GASOIL SS PREMIUM,2.2,2.28
2025-01-01,SUPER SP,2.135,2.215
2025-01-01,SSP PREMIUM,2.355,2.445
2025-01-01,GPL CARBURANT,0.895,0.935
2025-07-01,GASOIL,1.975,2.055
2025-07-01,GASOIL SANS SOUFRE,2.095,2.175
2025-07-01,GASOIL SS PREMIUM,2.28,2.37
2025-07-01,SUPER SP,2.215,2.305
2025-07-01,SSP PREMIUM,2.445,2.545
2025-07-01,GPL CARBURANT,0.935,0.975
2026-01-01,GASOIL,2.055,2.125
2026-01-01,GASOIL SANS SOUFRE,2.175,2.245
2026-01-01,GASOIL SS PREMIUM,2.37,2.45
2026-01-01,SUPER SP,2.305,2.385
2026-01-01,SSP PREMIUM,2.545,2.635
2026-01-01,GPL CARBURANT,0.975,1.015
