annee_scolaire,nom_vacances,date_debut,date_fin
2023-2024,Vacances automne,2023-10-26,2023-11-02
2023-2024,Vacances hiver,2023-12-21,2024-01-04
2023-2024,Vacances printemps,2024-03-14,2024-03-28
2023-2024,Vacances ete,2024-06-06,2024-09-15
2024-2025,Vacances automne,2024-10-24,2024-10-31
2024-2025,Vacances hiver,2024-12-19,2025-01-02
2024-2025,Vacances printemps,2025-03-13,2025-03-27
2024-2025,Vacances ete,2025-06-05,2025-09-15
2025-2026,Vacances automne,2025-10-23,2025-10-30
2025-2026,Vacances hiver,2025-12-18,2026-01-01
2025-2026,Vacances printemps,2026-03-12,2026-03-26
2025-2026,Vacances ete,2026-06-04,2026-09-15
