station_id,date_debut,date_fin,raison,capacite_reduite
21,2025-11-07,2025-11-08,rupture_stock,non
8,2025-07-16,2025-07-18,maintenance,non
22,2024-08-20,2024-08-21,coupure_electricite,oui
14,2026-01-28,2026-01-29,maintenance,non
7,2025-07-06,2025-07-11,coupure_electricite,oui
1,2024-08-04,2024-08-06,coupure_electricite,oui
14,2025-07-19,2025-07-23,coupure_electricite,oui
9,2026-02-23,2026-02-25,travaux,non
11,2025-05-21,2025-05-23,panne_pompe,oui
25,2025-03-22,2025-03-23,maintenance,non
13,2025-11-22,2025-11-25,rupture_stock,non
20,2025-06-04,2025-06-05,travaux,non
18,2025-10-25,2025-10-29,maintenance,non
18,2025-05-05,2025-05-10,rupture_stock,non
19,2025-08-17,2025-08-18,maintenance,non
22,2025-07-11,2025-07-14,maintenance,non
8,2025-11-18,2025-11-22,rupture_stock,non
15,2024-05-20,2024-05-23,panne_pompe,oui
12,2025-03-03,2025-03-05,rupture_stock,non
23,2024-05-07,2024-05-08,coupure_electricite,oui
21,2025-09-07,2025-09-12,panne_pompe,oui
6,2024-11-13,2024-11-17,rupture_stock,non
21,2024-08-08,2024-08-10,rupture_stock,non
25,2026-01-03,2026-01-05,maintenance,non
11,2025-01-15,2025-01-18,maintenance,non
7,2024-07-29,2024-08-01,panne_pompe,oui
21,2024-10-06,2024-10-10,travaux,non
5,2025-06-03,2025-06-05,panne_pompe,oui
24,2024-08-04,2024-08-09,rupture_stock,non
24,2024-07-11,2024-07-15,coupure_electricite,oui
13,2025-02-24,2025-02-26,panne_pompe,oui
17,2024-10-12,2024-10-13,maintenance,non
4,2025-09-26,2025-09-28,travaux,non
20,2025-12-26,2025-12-30,travaux,non
20,2024-11-07,2024-11-12,rupture_stock,non
