station_id,nb_pompes_gasoil,nb_pompes_essence,nb_pompes_gpl,horaires,nb_employes,superficie_m2,services_annexes
1,5,2,1,24h/24,11,1899,"lavage,boutique,cafe"
2,5,3,1,24h/24,8,1690,boutique
3,4,2,2,24h/24,10,1165,lavage
4,2,3,1,24h/24,5,882,boutique
5,4,2,2,24h/24,7,519,"lavage,boutique"
6,3,3,1,24h/24,4,746,lavage
7,3,2,2,24h/24,12,941,lavage
8,2,2,2,24h/24,8,669,"lavage,boutique,cafe"
9,5,4,2,24h/24,7,1904,boutique
10,4,3,2,24h/24,6,948,lavage
11,4,2,1,24h/24,7,931,"lavage,boutique,cafe"
12,2,2,1,24h/24,4,572,"lavage,boutique"
13,3,2,1,24h/24,12,1476,"lavage,boutique"
14,5,2,2,24h/24,11,1794,boutique
15,5,2,2,24h/24,7,1768,"boutique,cafe"
16,3,2,1,24h/24,11,1682,"lavage,boutique,cafe"
17,4,3,2,24h/24,12,910,"lavage,boutique"
18,1,2,1,06:00-22:00,3,427,boutique
19,3,4,2,24h/24,7,1664,boutique
20,3,3,1,24h/24,4,953,lavage
21,1,1,0,06:00-22:00,3,421,boutique
22,2,2,1,06:00-22:00,3,505,"lavage,boutique"
23,1,2,0,06:00-22:00,4,435,"boutique,cafe"
24,3,3,2,24h/24,5,694,"lavage,boutique,cafe"
25,1,1,0,06:00-22:00,5,460,"lavage,boutique"
